card_id,fingerprint,decision,note
r01,b70f676c1055,approved,DJ audit 2026-10-02 23:27: approve all
r02,57e192accd66,approved,DJ audit 2026-10-02 23:27: approve all
r03,7ceac81e52ea,approved,DJ audit 2026-10-02 23:27: approve all
r04,49996c21b6d3,approved,DJ audit 2026-10-02 23:27: approve all
r05,35f4c2da7bb2,approved,DJ audit 2026-10-02 23:27: approve all
r06,2f7091232c56,approved,DJ audit 2026-10-02 23:27: approve all
r07,32a112172d33,approved,DJ audit 2026-10-02 23:27: approve all
r08,f3d7fc7d0e50,approved,DJ audit 2026-10-02 23:27: approve all
g01-c,53be8d586df1,approved,DJ audit 2026-10-02 23:27: approve all
g01-e,844549f18811,approved,DJ audit 2026-10-02 23:27: approve all
g02-c,1a4d347ebdc1,approved,DJ audit 2026-10-02 23:27: approve all
g02-e,aa751e3e1e96,approved,DJ audit 2026-10-02 23:27: approve all
g03-c,4155411fcdb9,approved,DJ audit 2026-10-02 23:27: approve all
g03-e,0a9a9823316b,approved,DJ audit 2026-10-02 23:27: approve all
g04-c,74ab462ceb25,approved,DJ audit 2026-10-02 23:27: approve all
g04-e,36228dbb31b5,approved,DJ audit 2026-10-02 23:27: approve all
g05-c,de5e79bf859a,approved,DJ audit 2026-10-02 23:27: approve all
g05-e,80b7c428fee7,approved,DJ audit 2026-10-02 23:27: approve all
g06-c,3cab268a5c80,approved,DJ audit 2026-10-02 23:27: approve all
g06-e,3eb4b9448d0c,approved,DJ audit 2026-10-02 23:27: approve all
g07-c,e6c749c4f8a3,approved,DJ audit 2026-10-02 23:27: approve all
g07-e,0413005be510,approved,DJ audit 2026-10-02 23:27: approve all
g08-c,62739e53691d,approved,DJ audit 2026-10-02 23:27: approve all
g08-e,f6a1e523bdf1,approved,DJ audit 2026-10-02 23:27: approve all
g09-c,64a283cf4074,approved,DJ audit 2026-10-02 23:27: approve all
g09-e,9530092b2eeb,approved,DJ audit 2026-10-02 23:27: approve all
g10-c,fba1a5831943,approved,DJ audit 2026-10-02 23:27: approve all
g10-e,a93ec01982ab,approved,DJ audit 2026-10-02 23:27: approve all
g11-c,d45fd444f8a9,approved,DJ audit 2026-10-02 23:27: approve all
g11-e,d79f8b9bf816,approved,DJ audit 2026-10-02 23:27: approve all
g12-c,49af7e94db74,approved,DJ audit 2026-10-02 23:27: approve all
g12-e,e35518bb701f,approved,DJ audit 2026-10-02 23:27: approve all
g13-c,6f480c906509,approved,DJ audit 2026-10-02 23:27: approve all
g13-e,584546f588a1,approved,DJ audit 2026-10-02 23:27: approve all
g14-c,4ebb5db1c5d9,approved,DJ audit 2026-10-02 23:27: approve all
g14-e,2b05800945ff,approved,DJ audit 2026-10-02 23:27: approve all
g15-c,6a06e817e93b,approved,DJ audit 2026-10-02 23:27: approve all
g15-e,113ec66022f2,approved,DJ audit 2026-10-02 23:27: approve all
g16-c,8ef9f503cc04,approved,DJ audit 2026-10-02 23:27: approve all
g16-e,515f36f0bb20,approved,DJ audit 2026-10-02 23:27: approve all
g17-c,07eef4ce5427,approved,DJ audit 2026-10-02 23:27: approve all
g17-e,1589fc5ed10f,approved,DJ audit 2026-10-02 23:27: approve all
g18-c,b8339f90ca89,approved,DJ audit 2026-10-02 23:27: approve all
g18-e,c1f531c47121,approved,DJ audit 2026-10-02 23:27: approve all
g19-c,3f0e4583d845,approved,DJ audit 2026-10-02 23:27: approve all
g19-e,dd451179809c,approved,DJ audit 2026-10-02 23:27: approve all
g20-c,7957f58d6d70,approved,DJ audit 2026-10-02 23:27: approve all
g20-e,62cd6d8a85b7,approved,DJ audit 2026-10-02 23:27: approve all
x01,89381b35f336,approved,DJ audit 2026-10-02 23:27: approve all
x02,bdb4daca0d52,approved,DJ audit 2026-10-02 23:27: approve all
x03,9467b3297696,approved,DJ audit 2026-10-02 23:27: approve all
x04,37927efb0ac0,approved,DJ audit 2026-10-02 23:27: approve all
x05,4f71d4303b5a,approved,DJ audit 2026-10-02 23:27: approve all
x06,38637f3554fb,approved,DJ audit 2026-10-02 23:27: approve all
x07,1b7c1be6f63e,approved,DJ audit 2026-10-02 23:27: approve all
t01-c,9ab042ca16a1,approved,DJ audit 2026-10-02 23:27: approve all
t01-e,2795cdd8d587,approved,DJ audit 2026-10-02 23:27: approve all
t02-c,19b91bc2f565,approved,DJ audit 2026-10-02 23:27: approve all
t02-e,eae563f87ed8,approved,DJ audit 2026-10-02 23:27: approve all
t03-c,397c61f0fa3e,approved,DJ audit 2026-10-02 23:27: approve all
t03-e,35588c53e8fc,approved,DJ audit 2026-10-02 23:27: approve all
t04-c,b73e152e2c9a,approved,DJ audit 2026-10-02 23:27: approve all
t04-e,2db36cc6d1bd,approved,DJ audit 2026-10-02 23:27: approve all
m01-a,cf2f4e10fafc,approved,DJ audit 2026-10-02 23:27: approve all
m01-b,7ad46ec5e53d,approved,DJ audit 2026-10-02 23:27: approve all
m02-a,85169c24bc33,approved,DJ audit 2026-10-02 23:27: approve all
m02-b,70d7ab8b7924,approved,DJ audit 2026-10-02 23:27: approve all
m03-a,aa33d6dbbb05,approved,DJ audit 2026-10-02 23:27: approve all
m03-b,2400e78678b4,approved,DJ audit 2026-10-02 23:27: approve all
m04-a,1770c4247205,approved,DJ audit 2026-10-02 23:27: approve all
m04-b,c84dc6bf3fac,approved,DJ audit 2026-10-02 23:27: approve all
m05-a,b266bbf82552,approved,DJ audit 2026-10-02 23:27: approve all
m05-b,e3a027ce2a08,approved,DJ audit 2026-10-02 23:27: approve all
n01,5e9d2cd889fd,approved,DJ audit 2026-10-02 23:27: approve all
n02,07c9f1ff0af5,approved,DJ audit 2026-10-02 23:27: approve all
n03,9b4f8f03fb7a,approved,DJ audit 2026-10-02 23:27: approve all
