text,text_traditional,citation_pinyin,spoken_pinyin,flag
一杯水,一杯水,yī bēi shuǐ,yì bēi shuǐ,
一本书,一本書,yī běn shū,yì běn shū,
一张纸,一張紙,yī zhāng zhǐ,yì zhāng zhǐ,
一碗饭,一碗飯,yī wǎn fàn,yì wǎn fàn,
一条鱼,一條魚,yī tiáo yú,yì tiáo yú,
一只猫,一隻貓,yī zhī māo,yì zhī māo,只 is zhī here (measure word) and not zhǐ (only)
一瓶酒,一瓶酒,yī píng jiǔ,yì píng jiǔ,
一块饼,一塊餅,yī kuài bǐng,yí kuài bǐng,
一辆车,一輛車,yī liàng chē,yí liàng chē,
一双鞋,一雙鞋,yī shuāng xié,yì shuāng xié,
一盘菜,一盤菜,yī pán cài,yì pán cài,
一把刀,一把刀,yī bǎ dāo,yì bǎ dāo,
一碗水,一碗水,yī wǎn shuǐ,yì wán shuǐ,two third tones in a row: 碗 is wán before 水
一把伞,一把傘,yī bǎ sǎn,yì bá sǎn,two third tones in a row: 把 is bá before 伞
一包糖,一包糖,yī bāo táng,yì bāo táng,
一片云,一片雲,yī piàn yún,yí piàn yún,
一头牛,一頭牛,yī tóu niú,yì tóu niú,
一袋米,一袋米,yī dài mǐ,yí dài mǐ,
一束花,一束花,yī shù huā,yí shù huā,
一座桥,一座橋,yī zuò qiáo,yí zuò qiáo,
