char,pinyin,variant,variant_pinyin,as_in,gloss,variant_traditional,as_in_traditional,flag
水,shuǐ,睡,shuì,睡觉,to sleep,睡,睡覺,
书,shū,树,shù,大树,tree,樹,大樹,
纸,zhǐ,直,zhí,直接,directly,直,直接,
饭,fàn,烦,fán,麻烦,troublesome,煩,麻煩,
鱼,yú,雨,yǔ,下雨,rain,雨,下雨,
猫,māo,毛,máo,毛衣,sweater,毛,毛衣,
酒,jiǔ,救,jiù,救命,to save a life,救,救命,
饼,bǐng,病,bìng,生病,to fall ill,病,生病,
车,chē,扯,chě,拉扯,to pull,扯,拉扯,
鞋,xié,写,xiě,写字,to write,寫,寫字,
菜,cài,财,cái,发财,to get rich,財,發財,
刀,dāo,到,dào,到家,to arrive home,到,到家,
糖,táng,躺,tǎng,躺下,to lie down,躺,躺下,
云,yún,运,yùn,运动,exercise,運,運動,
牛,niú,扭,niǔ,扭伤,to sprain,扭,扭傷,
米,mǐ,蜜,mì,蜂蜜,honey,蜜,蜂蜜,
花,huā,滑,huá,滑冰,to skate,滑,滑冰,
桥,qiáo,巧,qiǎo,技巧,skill,巧,技巧,
碗,wǎn,湾,wān,海湾,bay,灣,海灣,a literary measure word (一湾清水); used because the noun cannot change without moving the sandhi of 碗
把,bǎ,巴,bā,巴士,bus,巴,巴士,not a measure word at all; deliberately odd
